{"stats":{"minecraft:custom":{"minecraft:jump":34,"minecraft:time_since_rest":20303,"minecraft:damage_dealt":100,"minecraft:leave_game":1,"minecraft:sprint_one_cm":511,"minecraft:play_time":20303,"minecraft:damage_taken":36,"minecraft:time_since_death":20303,"minecraft:walk_one_cm":10523,"minecraft:sneak_time":17,"minecraft:total_world_time":20303,"minecraft:interact_with_crafting_table":1,"minecraft:fall_one_cm":404,"minecraft:fly_one_cm":1438},"minecraft:mined":{"minecraft:oak_sapling":1}},"DataVersion":3120}