{"stats":{"minecraft:mined":{"minecraft:oak_leaves":3},"minecraft:custom":{"minecraft:jump":283,"minecraft:time_since_rest":19361,"minecraft:damage_dealt":146,"minecraft:crouch_one_cm":466,"minecraft:leave_game":2,"minecraft:sprint_one_cm":7831,"minecraft:play_time":19361,"minecraft:damage_taken":30,"minecraft:time_since_death":19361,"minecraft:walk_one_cm":51278,"minecraft:sneak_time":354,"minecraft:total_world_time":19361,"minecraft:fall_one_cm":5665,"minecraft:fly_one_cm":6141,"minecraft:player_kills":2}},"DataVersion":3120}