{"stats":{"minecraft:mined":{"minecraft:oak_log":7,"minecraft:oak_leaves":3},"minecraft:picked_up":{"minecraft:oak_log":8},"minecraft:used":{"minecraft:wooden_sword":2,"minecraft:crafting_table":1,"alexsmobs:animal_dictionary":1},"minecraft:custom":{"minecraft:time_since_rest":31361,"minecraft:crouch_one_cm":1144,"minecraft:play_time":31361,"minecraft:sprint_one_cm":10582,"minecraft:damage_taken":66,"minecraft:walk_one_cm":78265,"minecraft:sneak_time":546,"minecraft:jump":482,"minecraft:damage_dealt":296,"minecraft:time_since_death":31361,"minecraft:leave_game":2,"minecraft:total_world_time":31361,"minecraft:interact_with_crafting_table":1,"minecraft:fall_one_cm":10615,"minecraft:fly_one_cm":10686,"minecraft:player_kills":2},"minecraft:crafted":{"minecraft:wooden_sword":1,"minecraft:oak_planks":12,"minecraft:crafting_table":1,"minecraft:stick":4}},"DataVersion":3120}