{"stats":{"minecraft:dropped":{"minecraft:wheat_seeds":1},"minecraft:custom":{"minecraft:jump":65,"minecraft:time_since_rest":19052,"minecraft:leave_game":1,"minecraft:sprint_one_cm":2991,"minecraft:play_time":19052,"minecraft:damage_taken":110,"minecraft:time_since_death":19052,"minecraft:walk_one_cm":12539,"minecraft:sneak_time":20,"minecraft:total_world_time":19052,"minecraft:drop":1,"minecraft:fall_one_cm":1410,"minecraft:fly_one_cm":12314},"minecraft:mined":{"byg:tall_prairie_grass":3},"minecraft:picked_up":{"minecraft:oak_sapling":1,"minecraft:wheat_seeds":1}},"DataVersion":3120}