{"stats":{"minecraft:mined":{"minecraft:white_bed":1,"minecraft:furnace":1,"minecraft:crafting_table":2,"minecraft:grass":2,"minecraft:coal_ore":6,"minecraft:oak_log":8,"minecraft:cobblestone":1,"minecraft:stone":27,"minecraft:oak_leaves":5},"minecraft:picked_up":{"minecraft:crafting_table":2,"minecraft:oak_log":9,"minecraft:white_bed":1,"minecraft:rotten_flesh":2,"minecraft:coal":6,"minecraft:mutton":4,"minecraft:white_wool":3,"minecraft:cobblestone":27},"minecraft:used":{"minecraft:cooked_mutton":3,"minecraft:stone_sword":15,"minecraft:stone_pickaxe":27,"minecraft:wooden_pickaxe":8,"minecraft:stone_axe":5,"minecraft:wooden_sword":2,"minecraft:cobblestone":1,"minecraft:crafting_table":4,"minecraft:furnace":1,"minecraft:white_bed":2,"alexsmobs:animal_dictionary":2},"minecraft:dropped":{"minecraft:oak_planks":3},"minecraft:custom":{"minecraft:time_since_rest":43361,"minecraft:interact_with_furnace":14,"minecraft:sprint_one_cm":30166,"minecraft:damage_taken":236,"minecraft:walk_one_cm":115505,"minecraft:mob_kills":4,"minecraft:drop":3,"minecraft:damage_dealt":827,"minecraft:interact_with_crafting_table":8,"minecraft:fly_one_cm":40496,"minecraft:player_kills":3,"minecraft:crouch_one_cm":5457,"minecraft:play_time":43361,"tombstone:undead_killed":1,"minecraft:sneak_time":1566,"minecraft:jump":775,"minecraft:leave_game":2,"minecraft:time_since_death":43361,"minecraft:total_world_time":43361,"minecraft:fall_one_cm":17656},"minecraft:killed":{"minecraft:sheep":3,"minecraft:zombie":1},"minecraft:crafted":{"minecraft:wooden_sword":1,"minecraft:oak_planks":36,"minecraft:crafting_table":3,"minecraft:stick":12,"minecraft:wooden_pickaxe":1,"minecraft:stone_pickaxe":1,"minecraft:stone_sword":1,"minecraft:furnace":1,"minecraft:white_bed":1,"minecraft:torch":4,"minecraft:stone_axe":1,"minecraft:air":0,"minecraft:cooked_mutton":3}},"DataVersion":3120}