{"stats":{"minecraft:dropped":{"minecraft:wheat_seeds":2,"alexsmobs:animal_dictionary":1,"minecraft:oak_sapling":1},"minecraft:custom":{"minecraft:time_since_rest":9236,"minecraft:crouch_one_cm":760,"minecraft:play_time":9236,"minecraft:sprint_one_cm":20588,"minecraft:damage_taken":90,"minecraft:walk_one_cm":7901,"minecraft:sneak_time":161,"minecraft:drop":4,"minecraft:jump":163,"minecraft:damage_dealt":90,"minecraft:time_since_death":9236,"minecraft:total_world_time":9236,"minecraft:interact_with_crafting_table":2,"minecraft:fall_one_cm":5631,"minecraft:fly_one_cm":30887},"minecraft:used":{"minecraft:wooden_axe":7,"minecraft:crafting_table":2,"minecraft:oak_sapling":1},"minecraft:mined":{"minecraft:grass":2,"minecraft:dark_oak_log":7,"minecraft:crafting_table":2},"minecraft:crafted":{"minecraft:dark_oak_planks":32,"minecraft:crafting_table":1,"minecraft:stick":4,"minecraft:wooden_pickaxe":1,"minecraft:wooden_axe":1},"minecraft:picked_up":{"minecraft:crafting_table":2,"minecraft:wheat_seeds":2,"minecraft:oak_sapling":3,"minecraft:dark_oak_log":8,"alexsmobs:animal_dictionary":1}},"DataVersion":3120}