{"stats":{"minecraft:mined":{"minecraft:oak_log":5},"minecraft:picked_up":{"minecraft:oak_log":4},"minecraft:killed_by":{"minecraft:player":2},"minecraft:custom":{"minecraft:jump":156,"minecraft:time_since_rest":13089,"minecraft:crouch_one_cm":418,"minecraft:sprint_one_cm":4296,"minecraft:damage_dealt":197,"minecraft:damage_taken":717,"minecraft:leave_game":1,"minecraft:play_time":22911,"minecraft:walk_one_cm":10843,"minecraft:time_since_death":15488,"minecraft:deaths":2,"minecraft:sneak_time":217,"minecraft:total_world_time":22911,"minecraft:fall_one_cm":5208,"minecraft:fly_one_cm":8532}},"DataVersion":3120}