{"stats":{"minecraft:mined":{"minecraft:birch_log":3,"minecraft:grass_block":3,"minecraft:oak_log":7,"minecraft:dripstone_block":1,"minecraft:dirt":2,"minecraft:cobblestone":1,"minecraft:stone":12},"minecraft:picked_up":{"minecraft:birch_log":3,"minecraft:wooden_pickaxe":1,"minecraft:dripstone_block":1,"minecraft:birch_planks":3,"minecraft:oak_log":8,"minecraft:pointed_dripstone":1,"minecraft:dirt":5,"minecraft:cobblestone":12},"minecraft:killed_by":{"minecraft:player":4},"minecraft:used":{"minecraft:cooked_mutton":1,"minecraft:birch_planks":3,"minecraft:oak_planks":8,"minecraft:wooden_pickaxe":18,"minecraft:dirt":5,"minecraft:crafting_table":1,"tombstone:gift":1,"minecraft:dripstone_block":1},"minecraft:custom":{"minecraft:time_since_rest":3967,"minecraft:interact_with_furnace":1,"minecraft:sprint_one_cm":26046,"minecraft:damage_taken":1922,"minecraft:walk_one_cm":29046,"minecraft:damage_dealt":127,"minecraft:interact_with_crafting_table":4,"minecraft:fly_one_cm":38897,"minecraft:crouch_one_cm":861,"minecraft:play_time":34911,"minecraft:deaths":4,"minecraft:sneak_time":481,"minecraft:jump":369,"minecraft:leave_game":1,"minecraft:time_since_death":4404,"minecraft:total_world_time":34911,"minecraft:fall_one_cm":16633},"minecraft:crafted":{"minecraft:oak_planks":8,"minecraft:crafting_table":1,"minecraft:stick":4,"minecraft:wooden_pickaxe":1,"minecraft:stone_sword":1,"minecraft:birch_planks":12,"minecraft:cooked_mutton":1,"minecraft:air":0}},"DataVersion":3120}