{"stats":{"minecraft:picked_up":{"alexsmobs:animal_dictionary":1},"minecraft:used":{"alexsmobs:animal_dictionary":2},"minecraft:dropped":{"byg:biomepedia":2,"alexsmobs:animal_dictionary":2},"minecraft:custom":{"minecraft:jump":132,"minecraft:time_since_rest":23020,"minecraft:damage_dealt":187,"minecraft:crouch_one_cm":129,"minecraft:sprint_one_cm":2233,"minecraft:play_time":23020,"minecraft:damage_taken":387,"minecraft:time_since_death":23020,"minecraft:walk_one_cm":23787,"minecraft:sneak_time":67,"minecraft:total_world_time":23020,"minecraft:drop":4,"tombstone:tomb_raiding":1,"minecraft:fall_one_cm":4751,"minecraft:fly_one_cm":2001}},"DataVersion":3120}