{"stats":{"minecraft:mined":{"minecraft:coal_ore":4,"minecraft:oak_log":14,"minecraft:stone":12,"minecraft:oak_leaves":3},"minecraft:picked_up":{"minecraft:wooden_axe":1,"minecraft:oak_log":12,"minecraft:white_bed":1,"alexsmobs:animal_dictionary":1,"minecraft:coal":4,"minecraft:mutton":2,"minecraft:oak_planks":4,"minecraft:white_wool":1,"minecraft:cobblestone":14,"minecraft:furnace":1},"minecraft:used":{"minecraft:wooden_axe":20,"minecraft:stone_sword":7,"minecraft:stone_pickaxe":6,"minecraft:wooden_pickaxe":11,"minecraft:wooden_sword":4,"alexsmobs:animal_dictionary":2},"minecraft:dropped":{"byg:biomepedia":2,"minecraft:birch_planks":3,"alexsmobs:animal_dictionary":2,"minecraft:wooden_axe":1,"minecraft:wooden_pickaxe":1,"minecraft:white_bed":1},"minecraft:custom":{"minecraft:time_since_rest":35020,"minecraft:sprint_one_cm":7800,"minecraft:interact_with_furnace":3,"minecraft:damage_taken":457,"minecraft:walk_one_cm":70966,"minecraft:mob_kills":1,"minecraft:drop":8,"minecraft:damage_dealt":321,"minecraft:interact_with_crafting_table":7,"minecraft:fly_one_cm":14234,"minecraft:player_kills":1,"minecraft:crouch_one_cm":553,"minecraft:play_time":35020,"minecraft:sneak_time":152,"tombstone:tomb_raiding":2,"minecraft:jump":306,"minecraft:time_since_death":35020,"minecraft:total_world_time":35020,"minecraft:fall_one_cm":8547},"minecraft:killed":{"minecraft:sheep":1},"minecraft:crafted":{"minecraft:wooden_sword":1,"minecraft:oak_planks":72,"minecraft:stick":20,"minecraft:wooden_pickaxe":1,"minecraft:stone_pickaxe":1,"minecraft:wooden_axe":1,"minecraft:stone_sword":1,"minecraft:torch":4,"minecraft:stone_axe":1,"minecraft:cooked_mutton":2}},"DataVersion":3120}