{"stats":{"minecraft:killed":{"minecraft:sheep":3,"minecraft:pig":2},"minecraft:killed_by":{"minecraft:player":1},"minecraft:dropped":{"byg:biomepedia":1,"minecraft:dark_oak_log":1,"minecraft:wheat_seeds":5,"alexsmobs:animal_dictionary":2,"minecraft:sunflower":1},"minecraft:custom":{"minecraft:time_since_rest":12924,"minecraft:sprint_one_cm":8131,"minecraft:damage_taken":243,"minecraft:walk_one_cm":48793,"minecraft:mob_kills":5,"minecraft:drop":9,"minecraft:damage_dealt":1110,"minecraft:interact_with_crafting_table":1,"minecraft:fly_one_cm":17611,"minecraft:play_time":17381,"minecraft:deaths":1,"minecraft:sneak_time":22,"minecraft:jump":267,"minecraft:time_since_death":12900,"minecraft:total_world_time":17381,"minecraft:fall_one_cm":7026},"minecraft:used":{"minecraft:wooden_axe":11,"minecraft:wooden_sword":20,"minecraft:crafting_table":1},"minecraft:mined":{"byg:clover_patch":1,"minecraft:dark_oak_log":1,"byg:prairie_grass":12,"minecraft:crafting_table":1,"minecraft:grass":4,"minecraft:oak_log":14,"minecraft:sunflower":1,"minecraft:oak_leaves":2,"byg:tall_prairie_grass":23},"minecraft:crafted":{"minecraft:wooden_sword":1,"minecraft:oak_planks":32,"minecraft:crafting_table":1,"minecraft:stick":8,"minecraft:wooden_pickaxe":1,"minecraft:wooden_axe":1},"minecraft:picked_up":{"minecraft:crafting_table":1,"minecraft:porkchop":3,"minecraft:oak_log":14,"minecraft:dark_oak_log":1,"alexsmobs:animal_dictionary":1,"minecraft:wheat_seeds":6,"minecraft:mutton":5,"minecraft:white_wool":3,"minecraft:sunflower":1}},"DataVersion":3120}