{"stats":{"minecraft:used":{"alexsmobs:animal_dictionary":2},"minecraft:custom":{"minecraft:jump":66,"minecraft:time_since_rest":11020,"minecraft:damage_dealt":107,"minecraft:crouch_one_cm":95,"minecraft:sprint_one_cm":2233,"minecraft:play_time":11020,"minecraft:damage_taken":20,"minecraft:time_since_death":11020,"minecraft:walk_one_cm":9408,"minecraft:sneak_time":40,"minecraft:total_world_time":11020,"tombstone:tomb_raiding":1,"minecraft:fall_one_cm":1508,"minecraft:fly_one_cm":907}},"DataVersion":3120}