{"stats":{"minecraft:custom":{"minecraft:jump":57,"minecraft:time_since_rest":13984,"minecraft:damage_dealt":135,"minecraft:leave_game":1,"minecraft:sprint_one_cm":1669,"minecraft:play_time":13984,"minecraft:damage_taken":806,"minecraft:time_since_death":13984,"minecraft:walk_one_cm":10263,"minecraft:sneak_time":145,"minecraft:total_world_time":13984,"minecraft:fall_one_cm":1263,"minecraft:fly_one_cm":17321,"minecraft:player_kills":1},"minecraft:mined":{"byg:prairie_grass":7,"byg:tall_prairie_grass":15},"minecraft:picked_up":{"minecraft:wheat_seeds":2}},"DataVersion":3120}