{
  "refurbished_furniture:recipes/misc/slicing/brown_dye_from_rotten_flesh": {
    "criteria": {
      "has_rotten_flesh": "2024-10-04 21:18:59 +0000"
    },
    "done": true
  },
  "minecraft:recipes/decorations/smoker": {
    "criteria": {
      "has_furnace": "2024-10-04 21:13:26 +0000"
    },
    "done": true
  },
  "minecraft:recipes/food/cooked_mutton_from_campfire_cooking": {
    "criteria": {
      "has_mutton": "2024-10-04 21:15:19 +0000"
    },
    "done": true
  },
  "refurbished_furniture:recipes/refurbished_furniture/constructing/crimson_lattice_fence_gate": {
    "criteria": {
      "has_stick": "2024-10-04 21:09:31 +0000"
    },
    "done": true
  },
  "minecraft:recipes/building_blocks/purple_wool": {
    "criteria": {
      "has_white_wool": "2024-10-04 21:15:19 +0000"
    },
    "done": true
  },
  "refurbished_furniture:recipes/refurbished_furniture/constructing/jungle_lattice_fence_gate": {
    "criteria": {
      "has_stick": "2024-10-04 21:09:31 +0000"
    },
    "done": true
  },
  "minecraft:recipes/redstone/lever": {
    "criteria": {
      "has_cobblestone": "2024-10-04 21:10:57 +0000"
    },
    "done": true
  },
  "minecraft:recipes/building_blocks/cobblestone_stairs_from_cobblestone_stonecutting": {
    "criteria": {
      "has_cobblestone": "2024-10-04 21:10:57 +0000"
    },
    "done": true
  },
  "refurbished_furniture:recipes/refurbished_furniture/constructing/black_sofa": {
    "criteria": {
      "has_planks": "2024-10-04 21:09:28 +0000"
    },
    "done": true
  },
  "aquaculture:recipes/aquaculture/note_hook": {
    "criteria": {
      "has_items": "2024-10-01 21:17:35 +0000"
    },
    "done": true
  },
  "refurbished_furniture:recipes/refurbished_furniture/constructing/oak_lattice_fence_gate": {
    "criteria": {
      "has_oak_planks": "2024-10-04 21:09:28 +0000"
    },
    "done": true
  },
  "refurbished_furniture:recipes/refurbished_furniture/constructing/magenta_stool": {
    "criteria": {
      "has_planks": "2024-10-04 21:09:28 +0000"
    },
    "done": true
  },
  "minecraft:recipes/decorations/white_bed": {
    "criteria": {
      "has_white_wool": "2024-10-04 21:15:19 +0000"
    },
    "done": true
  },
  "refurbished_furniture:recipes/refurbished_furniture/constructing/oak_lattice_fence": {
    "criteria": {
      "has_oak_planks": "2024-10-04 21:09:28 +0000"
    },
    "done": true
  },
  "refurbished_furniture:recipes/refurbished_furniture/constructing/purple_stool": {
    "criteria": {
      "has_planks": "2024-10-04 21:09:28 +0000"
    },
    "done": true
  },
  "refurbished_furniture:recipes/refurbished_furniture/constructing/blue_stool": {
    "criteria": {
      "has_planks": "2024-10-04 21:09:28 +0000"
    },
    "done": true
  },
  "minecraft:recipes/decorations/crafting_table": {
    "criteria": {
      "has_planks": "2024-10-04 21:09:28 +0000"
    },
    "done": true
  },
  "minecraft:recipes/decorations/campfire": {
    "criteria": {
      "has_stick": "2024-10-04 21:09:31 +0000"
    },
    "done": true
  },
  "minecraft:recipes/building_blocks/magenta_wool": {
    "criteria": {
      "has_white_wool": "2024-10-04 21:15:19 +0000"
    },
    "done": true
  },
  "refurbished_furniture:recipes/refurbished_furniture/constructing/oak_kitchen_storage_cabinet": {
    "criteria": {
      "has_oak_planks": "2024-10-04 21:09:28 +0000"
    },
    "done": true
  },
  "refurbished_furniture:recipes/refurbished_furniture/constructing/mangrove_lattice_fence_gate": {
    "criteria": {
      "has_stick": "2024-10-04 21:09:31 +0000"
    },
    "done": true
  },
  "refurbished_furniture:recipes/refurbished_furniture/constructing/oak_storage_cabinet": {
    "criteria": {
      "has_oak_planks": "2024-10-04 21:09:28 +0000"
    },
    "done": true
  },
  "regions_unexplored:recipes/ru_main/oak_branch_from_oak_log": {
    "criteria": {
      "has_log": "2024-10-04 21:08:58 +0000"
    },
    "done": true
  },
  "refurbished_furniture:recipes/refurbished_furniture/constructing/gray_stool": {
    "criteria": {
      "has_planks": "2024-10-04 21:09:28 +0000"
    },
    "done": true
  },
  "mcwbridges:recipes/asian_red_bridge": {
    "criteria": {
      "has_planks": "2024-10-04 21:09:28 +0000"
    },
    "done": true
  },
  "minecraft:recipes/decorations/ladder": {
    "criteria": {
      "has_stick": "2024-10-04 21:09:31 +0000"
    },
    "done": true
  },
  "minecraft:recipes/decorations/chest": {
    "criteria": {
      "has_lots_of_items": "2024-10-04 21:12:41 +0000"
    },
    "done": true
  },
  "mcwroofs:recipes/oak": {
    "criteria": {
      "has_planks": "2024-10-04 21:08:58 +0000"
    },
    "done": true
  },
  "minecraft:recipes/decorations/black_bed_from_white_bed": {
    "criteria": {
      "has_bed": "2024-10-04 21:17:28 +0000"
    },
    "done": true
  },
  "minecraft:recipes/tools/wooden_shovel": {
    "criteria": {
      "has_stick": "2024-10-04 21:09:31 +0000"
    },
    "done": true
  },
  "aquaculture:recipes/tools/golden_fishing_rod": {
    "criteria": {
      "has_vanilla_rod": "2024-10-01 21:17:35 +0000"
    },
    "done": true
  },
  "minecraft:recipes/decorations/torch": {
    "criteria": {
      "has_stone_pickaxe": "2024-10-04 21:12:18 +0000"
    },
    "done": true
  },
  "mcwfences:recipes/stone": {
    "criteria": {
      "has_stone": "2024-10-01 21:17:35 +0000"
    },
    "done": true
  },
  "aquaculture:recipes/food/cooked_fish_fillet_from_campfire": {
    "criteria": {
      "has_items": "2024-10-01 21:17:35 +0000"
    },
    "done": true
  },
  "minecraft:recipes/building_blocks/cyan_wool": {
    "criteria": {
      "has_white_wool": "2024-10-04 21:15:19 +0000"
    },
    "done": true
  },
  "minecraft:recipes/misc/stick": {
    "criteria": {
      "has_planks": "2024-10-04 21:09:28 +0000"
    },
    "done": true
  },
  "refurbished_furniture:recipes/refurbished_furniture/constructing/red_sofa": {
    "criteria": {
      "has_planks": "2024-10-04 21:09:28 +0000"
    },
    "done": true
  },
  "mcwwindows:recipes/dark_prismarine": {
    "criteria": {
      "has_the_recipe": "2024-10-04 21:08:58 +0000"
    },
    "done": true
  },
  "refurbished_furniture:recipes/refurbished_furniture/constructing/brown_sofa": {
    "criteria": {
      "has_planks": "2024-10-04 21:09:28 +0000"
    },
    "done": true
  },
  "refurbished_furniture:recipes/refurbished_furniture/constructing/lime_lamp": {
    "criteria": {
      "has_planks": "2024-10-04 21:09:28 +0000"
    },
    "done": true
  },
  "aquaculture:recipes/tools/wooden_fillet_knife": {
    "criteria": {
      "has_items": "2024-10-04 21:09:31 +0000"
    },
    "done": true
  },
  "refurbished_furniture:recipes/refurbished_furniture/constructing/cyan_cooler": {
    "criteria": {
      "has_planks": "2024-10-04 21:09:28 +0000"
    },
    "done": true
  },
  "refurbished_furniture:recipes/refurbished_furniture/constructing/light_blue_stool": {
    "criteria": {
      "has_planks": "2024-10-04 21:09:28 +0000"
    },
    "done": true
  },
  "mcwfences:recipes/jungle": {
    "criteria": {
      "has_jungle": "2024-10-01 21:17:35 +0000"
    },
    "done": true
  },
  "refurbished_furniture:recipes/refurbished_furniture/constructing/cyan_stool": {
    "criteria": {
      "has_planks": "2024-10-04 21:09:28 +0000"
    },
    "done": true
  },
  "minecraft:recipes/building_blocks/gray_wool": {
    "criteria": {
      "has_white_wool": "2024-10-04 21:15:19 +0000"
    },
    "done": true
  },
  "mcwroofs:recipes/oak_planks": {
    "criteria": {
      "has_planks": "2024-10-04 21:09:28 +0000"
    },
    "done": true
  },
  "refurbished_furniture:recipes/refurbished_furniture/constructing/gray_cooler": {
    "criteria": {
      "has_planks": "2024-10-04 21:09:28 +0000"
    },
    "done": true
  },
  "refurbished_furniture:recipes/refurbished_furniture/constructing/yellow_cooler": {
    "criteria": {
      "has_planks": "2024-10-04 21:09:28 +0000"
    },
    "done": true
  },
  "mcwfences:recipes/spruce": {
    "criteria": {
      "has_spruce": "2024-10-01 21:17:35 +0000"
    },
    "done": true
  },
  "mcwfences:recipes/oak": {
    "criteria": {
      "has_oak": "2024-10-01 21:17:35 +0000"
    },
    "done": true
  },
  "mcwfences:recipes/hedge": {
    "criteria": {
      "has_birch": "2024-10-01 21:17:35 +0000"
    },
    "done": true
  },
  "mcwfences:recipes/end": {
    "criteria": {
      "has_end_brick": "2024-10-01 21:17:35 +0000"
    },
    "done": true
  },
  "refurbished_furniture:recipes/refurbished_furniture/constructing/cyan_sofa": {
    "criteria": {
      "has_planks": "2024-10-04 21:09:28 +0000"
    },
    "done": true
  },
  "regions_unexplored:recipes/ru_main/purple_painted_planks": {
    "criteria": {
      "has_planks": "2024-10-04 21:09:28 +0000"
    },
    "done": true
  },
  "minecraft:husbandry/balanced_diet": {
    "criteria": {
      "cooked_mutton": "2024-10-04 21:15:55 +0000"
    },
    "done": false
  },
  "minecraft:recipes/tools/wooden_hoe": {
    "criteria": {
      "has_stick": "2024-10-04 21:09:31 +0000"
    },
    "done": true
  },
  "refurbished_furniture:recipes/refurbished_furniture/workbench": {
    "criteria": {
      "has_planks": "2024-10-04 21:09:28 +0000"
    },
    "done": true
  },
  "mcwbridges:recipes/cobblestone_bridge": {
    "criteria": {
      "has_planks": "2024-10-04 21:10:57 +0000"
    },
    "done": true
  },
  "mcwwindows:recipes/dark_oak": {
    "criteria": {
      "has_the_recipe": "2024-10-04 21:08:58 +0000"
    },
    "done": true
  },
  "refurbished_furniture:recipes/refurbished_furniture/constructing/birch_lattice_fence": {
    "criteria": {
      "has_stick": "2024-10-04 21:09:31 +0000"
    },
    "done": true
  },
  "minecraft:recipes/building_blocks/cobblestone_slab": {
    "criteria": {
      "has_cobblestone": "2024-10-04 21:10:57 +0000"
    },
    "done": true
  },
  "aquaculture:recipes/misc/neptunium_ingot_from_nuggets": {
    "criteria": {
      "has_items": "2024-10-01 21:17:35 +0000"
    },
    "done": true
  },
  "refurbished_furniture:recipes/refurbished_furniture/constructing/lime_stool": {
    "criteria": {
      "has_planks": "2024-10-04 21:09:28 +0000"
    },
    "done": true
  },
  "minecraft:recipes/building_blocks/cobblestone_stairs": {
    "criteria": {
      "has_cobblestone": "2024-10-04 21:10:57 +0000"
    },
    "done": true
  },
  "minecraft:recipes/decorations/yellow_bed_from_white_bed": {
    "criteria": {
      "has_bed": "2024-10-04 21:17:28 +0000"
    },
    "done": true
  },
  "refurbished_furniture:recipes/refurbished_furniture/constructing/purple_cooler": {
    "criteria": {
      "has_planks": "2024-10-04 21:09:28 +0000"
    },
    "done": true
  },
  "mcwbridges:recipes/cobblestone_bridge_pier": {
    "criteria": {
      "has_planks": "2024-10-04 21:10:57 +0000"
    },
    "done": true
  },
  "aether:recipes/tools/wooden_pickaxe_repairing": {
    "criteria": {
      "has_wooden_pickaxe": "2024-10-04 21:10:54 +0000"
    },
    "done": true
  },
  "mcwwindows:recipes/prismarine": {
    "criteria": {
      "has_the_recipe": "2024-10-04 21:08:58 +0000"
    },
    "done": true
  },
  "refurbished_furniture:recipes/refurbished_furniture/constructing/oak_chair": {
    "criteria": {
      "has_oak_planks": "2024-10-04 21:09:28 +0000"
    },
    "done": true
  },
  "regions_unexplored:recipes/ru_main/light_blue_painted_planks": {
    "criteria": {
      "has_planks": "2024-10-04 21:09:28 +0000"
    },
    "done": true
  },
  "aquaculture:recipes/misc/gold_nugget_from_gold_fish": {
    "criteria": {
      "has_items": "2024-10-01 21:17:35 +0000"
    },
    "done": true
  },
  "refurbished_furniture:recipes/refurbished_furniture/constructing/light_gray_cooler": {
    "criteria": {
      "has_planks": "2024-10-04 21:09:28 +0000"
    },
    "done": true
  },
  "regions_unexplored:recipes/ru_main/brown_painted_planks": {
    "criteria": {
      "has_planks": "2024-10-04 21:09:28 +0000"
    },
    "done": true
  },
  "aether:recipes/combat/wooden_sword_repairing": {
    "criteria": {
      "has_wooden_sword": "2024-10-04 21:09:36 +0000"
    },
    "done": true
  },
  "aquaculture:recipes/misc/gold_nugget_from_smelting": {
    "criteria": {
      "has_fishing_rod": "2024-10-01 21:17:35 +0000",
      "has_fillet_knife": "2024-10-01 21:17:35 +0000"
    },
    "done": true
  },
  "minecraft:recipes/decorations/white_banner": {
    "criteria": {
      "has_white_wool": "2024-10-04 21:15:19 +0000"
    },
    "done": true
  },
  "mcwwindows:recipes/crimson": {
    "criteria": {
      "has_the_recipe": "2024-10-04 21:08:58 +0000"
    },
    "done": true
  },
  "refurbished_furniture:recipes/refurbished_furniture/constructing/red_lamp": {
    "criteria": {
      "has_planks": "2024-10-04 21:09:28 +0000"
    },
    "done": true
  },
  "aquaculture:recipes/aquaculture/worm_farm": {
    "criteria": {
      "has_items": "2024-10-01 21:17:35 +0000"
    },
    "done": true
  },
  "aquaculture:recipes/food/cooked_fish_fillet_from_smoking": {
    "criteria": {
      "has_items": "2024-10-01 21:17:34 +0000"
    },
    "done": true
  },
  "refurbished_furniture:recipes/refurbished_furniture/constructing/oak_table": {
    "criteria": {
      "has_oak_planks": "2024-10-04 21:09:28 +0000"
    },
    "done": true
  },
  "mcwbridges:recipes/asian_red_bridge_pier": {
    "criteria": {
      "has_planks": "2024-10-04 21:09:28 +0000"
    },
    "done": true
  },
  "minecraft:recipes/redstone/oak_fence_gate": {
    "criteria": {
      "has_planks": "2024-10-04 21:09:28 +0000"
    },
    "done": true
  },
  "aether:recipes/decorations/skyroot_bed": {
    "criteria": {
      "has_wool": "2024-10-04 21:15:19 +0000"
    },
    "done": true
  },
  "aquaculture:recipes/decorations/spruce_fish_mount": {
    "criteria": {
      "has_items": "2024-10-01 21:17:35 +0000"
    },
    "done": true
  },
  "refurbished_furniture:recipes/refurbished_furniture/constructing/acacia_lattice_fence": {
    "criteria": {
      "has_stick": "2024-10-04 21:09:31 +0000"
    },
    "done": true
  },
  "minecraft:recipes/decorations/magenta_bed_from_white_bed": {
    "criteria": {
      "has_bed": "2024-10-04 21:17:28 +0000"
    },
    "done": true
  },
  "regions_unexplored:recipes/ru_main/cyan_painted_planks": {
    "criteria": {
      "has_planks": "2024-10-04 21:09:28 +0000"
    },
    "done": true
  },
  "aquaculture:recipes/misc/neptunium_ingot_from_neptunium_block": {
    "criteria": {
      "has_items": "2024-10-01 21:17:35 +0000"
    },
    "done": true
  },
  "minecraft:recipes/decorations/orange_bed_from_white_bed": {
    "criteria": {
      "has_bed": "2024-10-04 21:17:28 +0000"
    },
    "done": true
  },
  "minecraft:recipes/building_blocks/blue_wool": {
    "criteria": {
      "has_white_wool": "2024-10-04 21:15:19 +0000"
    },
    "done": true
  },
  "refurbished_furniture:recipes/refurbished_furniture/constructing/light_gray_sofa": {
    "criteria": {
      "has_planks": "2024-10-04 21:09:28 +0000"
    },
    "done": true
  },
  "aquaculture:recipes/aquaculture/light_hook": {
    "criteria": {
      "has_items": "2024-10-01 21:17:35 +0000"
    },
    "done": true
  },
  "minecraft:story/mine_stone": {
    "criteria": {
      "get_stone": "2024-10-04 21:10:57 +0000"
    },
    "done": true
  },
  "minecraft:recipes/decorations/furnace": {
    "criteria": {
      "has_cobblestone": "2024-10-04 21:10:57 +0000"
    },
    "done": true
  },
  "minecraft:recipes/misc/charcoal": {
    "criteria": {
      "has_log": "2024-10-04 21:08:58 +0000"
    },
    "done": true
  },
  "minecraft:recipes/building_blocks/orange_wool": {
    "criteria": {
      "has_white_wool": "2024-10-04 21:15:19 +0000"
    },
    "done": true
  },
  "minecraft:recipes/tools/wooden_pickaxe": {
    "criteria": {
      "has_stick": "2024-10-04 21:09:31 +0000"
    },
    "done": true
  },
  "minecraft:recipes/building_blocks/cobblestone_slab_from_cobblestone_stonecutting": {
    "criteria": {
      "has_cobblestone": "2024-10-04 21:10:57 +0000"
    },
    "done": true
  },
  "aquaculture:recipes/misc/jellyfish_to_slimeball": {
    "criteria": {
      "has_items": "2024-10-01 21:17:35 +0000"
    },
    "done": true
  },
  "minecraft:husbandry/root": {
    "criteria": {
      "consumed_item": "2024-10-04 21:02:37 +0000"
    },
    "done": true
  },
  "mcwfences:recipes/nether": {
    "criteria": {
      "has_nether_brick": "2024-10-01 21:17:35 +0000"
    },
    "done": true
  },
  "refurbished_furniture:recipes/refurbished_furniture/constructing/light_gray_stool": {
    "criteria": {
      "has_planks": "2024-10-04 21:09:28 +0000"
    },
    "done": true
  },
  "minecraft:recipes/building_blocks/oak_stairs": {
    "criteria": {
      "has_planks": "2024-10-04 21:09:28 +0000"
    },
    "done": true
  },
  "regions_unexplored:recipes/ru_main/black_painted_planks": {
    "criteria": {
      "has_planks": "2024-10-04 21:09:28 +0000"
    },
    "done": true
  },
  "securitycraft:recipes/securitycraft/sonic_security_system": {
    "criteria": {
      "has_stick": "2024-10-04 21:09:31 +0000"
    },
    "done": true
  },
  "refurbished_furniture:recipes/refurbished_furniture/constructing/crimson_lattice_fence": {
    "criteria": {
      "has_stick": "2024-10-04 21:09:31 +0000"
    },
    "done": true
  },
  "aquaculture:recipes/tools/diamond_fishing_rod": {
    "criteria": {
      "has_vanilla_rod": "2024-10-01 21:17:34 +0000"
    },
    "done": true
  },
  "aquaculture:recipes/misc/red_mushroom_from_fish": {
    "criteria": {
      "has_items": "2024-10-01 21:17:35 +0000"
    },
    "done": true
  },
  "mcwfences:recipes/crimson": {
    "criteria": {
      "has_crimson": "2024-10-01 21:17:34 +0000"
    },
    "done": true
  },
  "aquaculture:recipes/tools/iron_fishing_rod": {
    "criteria": {
      "has_vanilla_rod": "2024-10-01 21:17:35 +0000"
    },
    "done": true
  },
  "regions_unexplored:recipes/ru_main/blue_painted_planks": {
    "criteria": {
      "has_planks": "2024-10-04 21:09:28 +0000"
    },
    "done": true
  },
  "refurbished_furniture:recipes/refurbished_furniture/constructing/oak_storage_jar": {
    "criteria": {
      "has_oak_planks": "2024-10-04 21:09:28 +0000"
    },
    "done": true
  },
  "minecraft:recipes/decorations/cyan_bed_from_white_bed": {
    "criteria": {
      "has_bed": "2024-10-04 21:17:28 +0000"
    },
    "done": true
  },
  "aquaculture:recipes/tools/stone_fillet_knife": {
    "criteria": {
      "has_items": "2024-10-04 21:10:57 +0000"
    },
    "done": true
  },
  "refurbished_furniture:recipes/refurbished_furniture/constructing/mangrove_lattice_fence": {
    "criteria": {
      "has_stick": "2024-10-04 21:09:31 +0000"
    },
    "done": true
  },
  "minecraft:adventure/root": {
    "criteria": {
      "killed_something": "2024-10-04 20:55:25 +0000"
    },
    "done": true
  },
  "mcwfences:recipes/prismarine": {
    "criteria": {
      "has_qq": "2024-10-01 21:17:35 +0000"
    },
    "done": true
  },
  "mcwfences:recipes/bamboo": {
    "criteria": {
      "has_bamboo": "2024-10-01 21:17:35 +0000"
    },
    "done": true
  },
  "aquaculture:recipes/decorations/acacia_fish_mount": {
    "criteria": {
      "has_items": "2024-10-01 21:17:35 +0000"
    },
    "done": true
  },
  "refurbished_furniture:recipes/refurbished_furniture/constructing/light_blue_sofa": {
    "criteria": {
      "has_planks": "2024-10-04 21:09:28 +0000"
    },
    "done": true
  },
  "refurbished_furniture:recipes/refurbished_furniture/constructing/green_lamp": {
    "criteria": {
      "has_planks": "2024-10-04 21:09:28 +0000"
    },
    "done": true
  },
  "aquaculture:recipes/misc/brown_mushroom_from_fish": {
    "criteria": {
      "has_items": "2024-10-01 21:17:35 +0000"
    },
    "done": true
  },
  "minecraft:recipes/decorations/gray_bed_from_white_bed": {
    "criteria": {
      "has_bed": "2024-10-04 21:17:28 +0000"
    },
    "done": true
  },
  "mcwwindows:recipes/acacia": {
    "criteria": {
      "has_the_recipe": "2024-10-04 21:08:58 +0000"
    },
    "done": true
  },
  "mcwwindows:recipes/curtains": {
    "criteria": {
      "has_wood": "2024-10-04 21:15:19 +0000"
    },
    "done": true
  },
  "minecraft:recipes/decorations/lime_bed_from_white_bed": {
    "criteria": {
      "has_bed": "2024-10-04 21:17:28 +0000"
    },
    "done": true
  },
  "mcwwindows:recipes/parapets": {
    "criteria": {
      "has_wood": "2024-10-04 21:09:28 +0000"
    },
    "done": true
  },
  "minecraft:recipes/tools/stone_hoe": {
    "criteria": {
      "has_cobblestone": "2024-10-04 21:10:57 +0000"
    },
    "done": true
  },
  "refurbished_furniture:recipes/refurbished_furniture/constructing/oak_kitchen_cabinetry": {
    "criteria": {
      "has_oak_planks": "2024-10-04 21:09:28 +0000"
    },
    "done": true
  },
  "refurbished_furniture:recipes/refurbished_furniture/constructing/red_stool": {
    "criteria": {
      "has_planks": "2024-10-04 21:09:28 +0000"
    },
    "done": true
  },
  "refurbished_furniture:recipes/refurbished_furniture/constructing/red_cooler": {
    "criteria": {
      "has_planks": "2024-10-04 21:09:28 +0000"
    },
    "done": true
  },
  "refurbished_furniture:recipes/refurbished_furniture/constructing/jungle_lattice_fence": {
    "criteria": {
      "has_stick": "2024-10-04 21:09:31 +0000"
    },
    "done": true
  },
  "aquaculture:recipes/misc/iron_nugget_from_blasting": {
    "criteria": {
      "has_fishing_rod": "2024-10-01 21:17:35 +0000",
      "has_fillet_knife": "2024-10-01 21:17:35 +0000"
    },
    "done": true
  },
  "refurbished_furniture:recipes/refurbished_furniture/constructing/light_gray_lamp": {
    "criteria": {
      "has_planks": "2024-10-04 21:09:28 +0000"
    },
    "done": true
  },
  "minecraft:adventure/kill_all_mobs": {
    "criteria": {
      "minecraft:zombie": "2024-10-04 21:18:58 +0000"
    },
    "done": false
  },
  "refurbished_furniture:recipes/refurbished_furniture/constructing/white_lamp": {
    "criteria": {
      "has_planks": "2024-10-04 21:09:28 +0000"
    },
    "done": true
  },
  "mcwfences:recipes/quartz": {
    "criteria": {
      "has_qq": "2024-10-01 21:17:35 +0000"
    },
    "done": true
  },
  "aquaculture:recipes/building_blocks/planks_from_driftwood": {
    "criteria": {
      "has_items": "2024-10-01 21:17:35 +0000"
    },
    "done": true
  },
  "minecraft:recipes/decorations/green_bed_from_white_bed": {
    "criteria": {
      "has_bed": "2024-10-04 21:17:28 +0000"
    },
    "done": true
  },
  "refurbished_furniture:recipes/refurbished_furniture/constructing/oak_cutting_board": {
    "criteria": {
      "has_oak_planks": "2024-10-04 21:09:28 +0000"
    },
    "done": true
  },
  "refurbished_furniture:recipes/refurbished_furniture/constructing/warped_lattice_fence": {
    "criteria": {
      "has_stick": "2024-10-04 21:09:31 +0000"
    },
    "done": true
  },
  "mcwbridges:recipes/cobblestone_bridge_stair": {
    "criteria": {
      "has_planks": "2024-10-04 21:10:57 +0000"
    },
    "done": true
  },
  "minecraft:recipes/decorations/pink_bed_from_white_bed": {
    "criteria": {
      "has_bed": "2024-10-04 21:17:28 +0000"
    },
    "done": true
  },
  "minecraft:recipes/decorations/white_carpet": {
    "criteria": {
      "has_white_wool": "2024-10-04 21:15:19 +0000"
    },
    "done": true
  },
  "minecraft:recipes/food/cooked_mutton_from_smoking": {
    "criteria": {
      "has_mutton": "2024-10-04 21:15:19 +0000"
    },
    "done": true
  },
  "refurbished_furniture:recipes/refurbished_furniture/constructing/orange_stool": {
    "criteria": {
      "has_planks": "2024-10-04 21:09:28 +0000"
    },
    "done": true
  },
  "regions_unexplored:recipes/ru_main/light_gray_painted_planks": {
    "criteria": {
      "has_planks": "2024-10-04 21:09:28 +0000"
    },
    "done": true
  },
  "mcwbridges:recipes/balustrade_cobblestone_bridge": {
    "criteria": {
      "has_planks": "2024-10-04 21:10:57 +0000"
    },
    "done": true
  },
  "refurbished_furniture:recipes/refurbished_furniture/constructing/blue_cooler": {
    "criteria": {
      "has_planks": "2024-10-04 21:09:28 +0000"
    },
    "done": true
  },
  "mcwwindows:recipes/red_sandstone": {
    "criteria": {
      "has_the_recipe": "2024-10-04 21:08:58 +0000"
    },
    "done": true
  },
  "betterdeserttemples:root": {
    "criteria": {
      "always": "2024-10-01 21:17:36 +0000"
    },
    "done": true
  },
  "mcwwindows:recipes/diorite": {
    "criteria": {
      "has_the_recipe": "2024-10-04 21:08:58 +0000"
    },
    "done": true
  },
  "refurbished_furniture:recipes/refurbished_furniture/constructing/birch_lattice_fence_gate": {
    "criteria": {
      "has_stick": "2024-10-04 21:09:31 +0000"
    },
    "done": true
  },
  "minecraft:story/upgrade_tools": {
    "criteria": {
      "stone_pickaxe": "2024-10-04 21:12:18 +0000"
    },
    "done": true
  },
  "refurbished_furniture:recipes/refurbished_furniture/constructing/green_stool": {
    "criteria": {
      "has_planks": "2024-10-04 21:09:28 +0000"
    },
    "done": true
  },
  "alexsmobs:alexsmobs/root": {
    "criteria": {
      "useitem": "2024-10-04 21:02:37 +0000"
    },
    "done": true
  },
  "minecraft:recipes/decorations/oak_fence": {
    "criteria": {
      "has_planks": "2024-10-04 21:09:28 +0000"
    },
    "done": true
  },
  "regions_unexplored:recipes/ru_main/pink_painted_planks": {
    "criteria": {
      "has_planks": "2024-10-04 21:09:28 +0000"
    },
    "done": true
  },
  "aquaculture:recipes/aquaculture/fishing_line": {
    "criteria": {
      "has_items": "2024-10-01 21:17:35 +0000"
    },
    "done": true
  },
  "aquaculture:recipes/misc/neptinium_ingot_from_blasting": {
    "criteria": {
      "has_leggings": "2024-10-01 21:17:35 +0000",
      "has_axe": "2024-10-01 21:17:35 +0000",
      "has_helmet": "2024-10-01 21:17:35 +0000",
      "has_fishing_rod": "2024-10-01 21:17:35 +0000",
      "has_bow": "2024-10-01 21:17:35 +0000",
      "has_chestplate": "2024-10-01 21:17:35 +0000",
      "has_sword": "2024-10-01 21:17:35 +0000",
      "has_fillet_knife": "2024-10-01 21:17:35 +0000",
      "has_shovel": "2024-10-01 21:17:35 +0000",
      "has_hoe": "2024-10-01 21:17:35 +0000",
      "has_boots": "2024-10-01 21:17:35 +0000",
      "has_pickaxe": "2024-10-01 21:17:35 +0000"
    },
    "done": true
  },
  "refurbished_furniture:recipes/refurbished_furniture/constructing/spruce_lattice_fence": {
    "criteria": {
      "has_stick": "2024-10-04 21:09:31 +0000"
    },
    "done": true
  },
  "minecraft:recipes/decorations/blue_bed_from_white_bed": {
    "criteria": {
      "has_bed": "2024-10-04 21:17:28 +0000"
    },
    "done": true
  },
  "minecraft:recipes/building_blocks/oak_slab": {
    "criteria": {
      "has_planks": "2024-10-04 21:09:28 +0000"
    },
    "done": true
  },
  "refurbished_furniture:recipes/refurbished_furniture/constructing/green_sofa": {
    "criteria": {
      "has_planks": "2024-10-04 21:09:28 +0000"
    },
    "done": true
  },
  "mcwwindows:recipes/granite": {
    "criteria": {
      "has_the_recipe": "2024-10-04 21:08:58 +0000"
    },
    "done": true
  },
  "refurbished_furniture:recipes/refurbished_furniture/constructing/lime_sofa": {
    "criteria": {
      "has_planks": "2024-10-04 21:09:28 +0000"
    },
    "done": true
  },
  "comforts:hammock_white": {
    "criteria": {
      "has_white_wool": "2024-10-04 21:15:19 +0000"
    },
    "done": true
  },
  "minecraft:recipes/tools/wooden_axe": {
    "criteria": {
      "has_stick": "2024-10-04 21:09:31 +0000"
    },
    "done": true
  },
  "minecraft:recipes/building_blocks/lime_wool": {
    "criteria": {
      "has_white_wool": "2024-10-04 21:15:19 +0000"
    },
    "done": true
  },
  "mcwfences:recipes/deepslate": {
    "criteria": {
      "has_deepslate": "2024-10-01 21:17:35 +0000"
    },
    "done": true
  },
  "aquaculture:recipes/misc/tin_can_to_iron_nugget_from_blasting": {
    "criteria": {
      "has_items": "2024-10-01 21:17:35 +0000"
    },
    "done": true
  },
  "regions_unexplored:recipes/ru_main/white_painted_planks": {
    "criteria": {
      "has_planks": "2024-10-04 21:09:28 +0000"
    },
    "done": true
  },
  "mcwwindows:recipes/deepslate": {
    "criteria": {
      "has_the_recipe": "2024-10-04 21:08:58 +0000"
    },
    "done": true
  },
  "refurbished_furniture:recipes/refurbished_furniture/constructing/white_sofa": {
    "criteria": {
      "has_planks": "2024-10-04 21:09:28 +0000"
    },
    "done": true
  },
  "minecraft:recipes/building_blocks/black_wool": {
    "criteria": {
      "has_white_wool": "2024-10-04 21:15:19 +0000"
    },
    "done": true
  },
  "refurbished_furniture:recipes/refurbished_furniture/constructing/pink_lamp": {
    "criteria": {
      "has_planks": "2024-10-04 21:09:28 +0000"
    },
    "done": true
  },
  "mcwwindows:recipes/andesite": {
    "criteria": {
      "has_the_recipe": "2024-10-04 21:08:58 +0000"
    },
    "done": true
  },
  "refurbished_furniture:recipes/refurbished_furniture/constructing/light_blue_cooler": {
    "criteria": {
      "has_planks": "2024-10-04 21:09:28 +0000"
    },
    "done": true
  },
  "refurbished_furniture:recipes/refurbished_furniture/constructing/brown_stool": {
    "criteria": {
      "has_planks": "2024-10-04 21:09:28 +0000"
    },
    "done": true
  },
  "minecraft:recipes/building_blocks/green_wool": {
    "criteria": {
      "has_white_wool": "2024-10-04 21:15:19 +0000"
    },
    "done": true
  },
  "mcwbridges:recipes/oak_log_bridge_middle": {
    "criteria": {
      "has_planks": "2024-10-04 21:09:28 +0000"
    },
    "done": true
  },
  "mcwwindows:recipes/sandstone": {
    "criteria": {
      "has_the_recipe": "2024-10-04 21:08:58 +0000"
    },
    "done": true
  },
  "mcwwindows:recipes/blinds": {
    "criteria": {
      "has_wood": "2024-10-04 21:09:28 +0000"
    },
    "done": true
  },
  "minecraft:recipes/building_blocks/brown_wool": {
    "criteria": {
      "has_white_wool": "2024-10-04 21:15:19 +0000"
    },
    "done": true
  },
  "mcwfences:recipes/sandstone": {
    "criteria": {
      "has_sand": "2024-10-01 21:17:35 +0000"
    },
    "done": true
  },
  "aquaculture:recipes/aquaculture/redstone_hook": {
    "criteria": {
      "has_items": "2024-10-01 21:17:35 +0000"
    },
    "done": true
  },
  "refurbished_furniture:recipes/refurbished_furniture/constructing/lime_cooler": {
    "criteria": {
      "has_planks": "2024-10-04 21:09:28 +0000"
    },
    "done": true
  },
  "mcwfences:recipes/mud_brick": {
    "criteria": {
      "has_qq": "2024-10-01 21:17:35 +0000"
    },
    "done": true
  },
  "aquaculture:recipes/food/cooked_fish_fillet": {
    "criteria": {
      "has_items": "2024-10-01 21:17:35 +0000"
    },
    "done": true
  },
  "mcwwindows:recipes/metal": {
    "criteria": {
      "has_the_recipe": "2024-10-04 21:08:58 +0000"
    },
    "done": true
  },
  "refurbished_furniture:recipes/refurbished_furniture/constructing/black_stool": {
    "criteria": {
      "has_planks": "2024-10-04 21:09:28 +0000"
    },
    "done": true
  },
  "mcwwindows:recipes/bricks": {
    "criteria": {
      "has_the_recipe": "2024-10-04 21:08:58 +0000"
    },
    "done": true
  },
  "minecraft:recipes/decorations/painting": {
    "criteria": {
      "has_wool": "2024-10-04 21:15:19 +0000"
    },
    "done": true
  },
  "refurbished_furniture:recipes/refurbished_furniture/constructing/dark_oak_lattice_fence_gate": {
    "criteria": {
      "has_stick": "2024-10-04 21:09:31 +0000"
    },
    "done": true
  },
  "refurbished_furniture:recipes/refurbished_furniture/constructing/post_box": {
    "criteria": {
      "has_planks": "2024-10-04 21:09:28 +0000"
    },
    "done": true
  },
  "mcwroofs:recipes/cobblestone": {
    "criteria": {
      "has_planks": "2024-10-04 21:10:57 +0000"
    },
    "done": true
  },
  "refurbished_furniture:recipes/refurbished_furniture/constructing/oak_mail_box": {
    "criteria": {
      "has_oak_planks": "2024-10-04 21:09:28 +0000"
    },
    "done": true
  },
  "mcwbridges:recipes/oak_bridge_pier": {
    "criteria": {
      "has_planks": "2024-10-04 21:08:58 +0000"
    },
    "done": true
  },
  "refurbished_furniture:recipes/refurbished_furniture/constructing/magenta_lamp": {
    "criteria": {
      "has_planks": "2024-10-04 21:09:28 +0000"
    },
    "done": true
  },
  "securitycraft:recipes/securitycraft/sc_manual": {
    "criteria": {
      "has_wood": "2024-10-04 21:08:58 +0000"
    },
    "done": true
  },
  "mcwfences:recipes/mangrove": {
    "criteria": {
      "has_mangrove": "2024-10-01 21:17:35 +0000"
    },
    "done": true
  },
  "mcwfences:recipes/warped": {
    "criteria": {
      "has_warped": "2024-10-01 21:17:35 +0000"
    },
    "done": true
  },
  "refurbished_furniture:recipes/refurbished_furniture/constructing/blue_sofa": {
    "criteria": {
      "has_planks": "2024-10-04 21:09:28 +0000"
    },
    "done": true
  },
  "minecraft:recipes/building_blocks/coal_block": {
    "criteria": {
      "has_coal": "2024-10-04 21:19:24 +0000"
    },
    "done": true
  },
  "mowziesmobs:root": {
    "criteria": {
      "custom_test_name": "2024-10-01 21:17:36 +0000"
    },
    "done": true
  },
  "refurbished_furniture:recipes/refurbished_furniture/constructing/purple_sofa": {
    "criteria": {
      "has_planks": "2024-10-04 21:09:28 +0000"
    },
    "done": true
  },
  "aquaculture:recipes/aquaculture/gold_hook": {
    "criteria": {
      "has_items": "2024-10-01 21:17:35 +0000"
    },
    "done": true
  },
  "minecraft:recipes/building_blocks/light_blue_wool": {
    "criteria": {
      "has_white_wool": "2024-10-04 21:15:19 +0000"
    },
    "done": true
  },
  "minecraft:recipes/combat/wooden_sword": {
    "criteria": {
      "has_stick": "2024-10-04 21:09:31 +0000"
    },
    "done": true
  },
  "minecraft:recipes/tools/stone_shovel": {
    "criteria": {
      "has_cobblestone": "2024-10-04 21:10:57 +0000"
    },
    "done": true
  },
  "regions_unexplored:recipes/ru_main/orange_painted_planks": {
    "criteria": {
      "has_planks": "2024-10-04 21:09:28 +0000"
    },
    "done": true
  },
  "refurbished_furniture:recipes/refurbished_furniture/constructing/acacia_lattice_fence_gate": {
    "criteria": {
      "has_stick": "2024-10-04 21:09:31 +0000"
    },
    "done": true
  },
  "minecraft:recipes/building_blocks/oak_planks": {
    "criteria": {
      "has_logs": "2024-10-04 21:08:58 +0000"
    },
    "done": true
  },
  "tombstone:adventure/root": {
    "criteria": {
      "auto": "2024-10-01 21:17:37 +0000"
    },
    "done": true
  },
  "cataclysm:root": {
    "criteria": {
      "custom_test_name": "2024-10-01 21:17:36 +0000"
    },
    "done": true
  },
  "securitycraft:recipes/securitycraft/reinforced_andesite": {
    "criteria": {
      "has_cobblestone": "2024-10-04 21:10:57 +0000"
    },
    "done": true
  },
  "refurbished_furniture:recipes/refurbished_furniture/constructing/oak_kitchen_sink": {
    "criteria": {
      "has_oak_planks": "2024-10-04 21:09:28 +0000"
    },
    "done": true
  },
  "regions_unexplored:recipes/ru_main/red_painted_planks": {
    "criteria": {
      "has_planks": "2024-10-04 21:09:28 +0000"
    },
    "done": true
  },
  "mcwfences:recipes/birch": {
    "criteria": {
      "has_birch": "2024-10-01 21:17:35 +0000"
    },
    "done": true
  },
  "refurbished_furniture:recipes/refurbished_furniture/constructing/magenta_cooler": {
    "criteria": {
      "has_planks": "2024-10-04 21:09:28 +0000"
    },
    "done": true
  },
  "refurbished_furniture:recipes/refurbished_furniture/constructing/oak_desk": {
    "criteria": {
      "has_oak_planks": "2024-10-04 21:09:28 +0000"
    },
    "done": true
  },
  "mcwwindows:recipes/birch": {
    "criteria": {
      "has_the_recipe": "2024-10-04 21:08:58 +0000"
    },
    "done": true
  },
  "minecraft:recipes/redstone/oak_pressure_plate": {
    "criteria": {
      "has_planks": "2024-10-04 21:09:28 +0000"
    },
    "done": true
  },
  "aquaculture:recipes/aquaculture/diamond_hook": {
    "criteria": {
      "has_items": "2024-10-01 21:17:35 +0000"
    },
    "done": true
  },
  "mcwwindows:recipes/shutters": {
    "criteria": {
      "has_wood": "2024-10-04 21:09:28 +0000"
    },
    "done": true
  },
  "aether:recipes/tools/stone_pickaxe_repairing": {
    "criteria": {
      "has_stone_pickaxe": "2024-10-04 21:12:18 +0000"
    },
    "done": true
  },
  "refurbished_furniture:recipes/refurbished_furniture/constructing/light_blue_lamp": {
    "criteria": {
      "has_planks": "2024-10-04 21:09:28 +0000"
    },
    "done": true
  },
  "refurbished_furniture:recipes/refurbished_furniture/constructing/oak_crate": {
    "criteria": {
      "has_oak_planks": "2024-10-04 21:09:28 +0000"
    },
    "done": true
  },
  "mcwbridges:recipes/rope_oak_bridge": {
    "criteria": {
      "has_planks": "2024-10-04 21:09:28 +0000"
    },
    "done": true
  },
  "comforts:sleeping_bag_white": {
    "criteria": {
      "has_white_wool": "2024-10-04 21:15:19 +0000"
    },
    "done": true
  },
  "mcwwindows:recipes/components": {
    "criteria": {
      "has_wood": "2024-10-04 21:08:58 +0000"
    },
    "done": true
  },
  "aquaculture:recipes/misc/tin_can_to_iron_nugget": {
    "criteria": {
      "has_items": "2024-10-01 21:17:35 +0000"
    },
    "done": true
  },
  "minecraft:recipes/building_blocks/oak_wood": {
    "criteria": {
      "has_log": "2024-10-04 21:08:58 +0000"
    },
    "done": true
  },
  "minecraft:story/root": {
    "criteria": {
      "crafting_table": "2024-10-04 21:09:31 +0000"
    },
    "done": true
  },
  "refurbished_furniture:recipes/refurbished_furniture/constructing/purple_lamp": {
    "criteria": {
      "has_planks": "2024-10-04 21:09:28 +0000"
    },
    "done": true
  },
  "minecraft:recipes/combat/crossbow": {
    "criteria": {
      "has_stick": "2024-10-04 21:09:31 +0000"
    },
    "done": true
  },
  "mcwwindows:recipes/warped": {
    "criteria": {
      "has_the_recipe": "2024-10-04 21:08:58 +0000"
    },
    "done": true
  },
  "refurbished_furniture:recipes/refurbished_furniture/constructing/brown_cooler": {
    "criteria": {
      "has_planks": "2024-10-04 21:09:28 +0000"
    },
    "done": true
  },
  "refurbished_furniture:recipes/refurbished_furniture/constructing/oak_light_ceiling_fan": {
    "criteria": {
      "has_oak_planks": "2024-10-04 21:09:28 +0000"
    },
    "done": true
  },
  "minecraft:recipes/building_blocks/yellow_wool": {
    "criteria": {
      "has_white_wool": "2024-10-04 21:15:19 +0000"
    },
    "done": true
  },
  "refurbished_furniture:recipes/refurbished_furniture/constructing/magenta_sofa": {
    "criteria": {
      "has_planks": "2024-10-04 21:09:28 +0000"
    },
    "done": true
  },
  "mcwwindows:recipes/mangrove": {
    "criteria": {
      "has_the_recipe": "2024-10-04 21:08:58 +0000"
    },
    "done": true
  },
  "minecraft:recipes/decorations/oak_sign": {
    "criteria": {
      "has_planks": "2024-10-04 21:09:28 +0000"
    },
    "done": true
  },
  "minecraft:recipes/redstone/oak_trapdoor": {
    "criteria": {
      "has_planks": "2024-10-04 21:09:28 +0000"
    },
    "done": true
  },
  "refurbished_furniture:recipes/refurbished_furniture/constructing/pink_cooler": {
    "criteria": {
      "has_planks": "2024-10-04 21:09:28 +0000"
    },
    "done": true
  },
  "refurbished_furniture:recipes/refurbished_furniture/constructing/blue_lamp": {
    "criteria": {
      "has_planks": "2024-10-04 21:09:28 +0000"
    },
    "done": true
  },
  "refurbished_furniture:recipes/refurbished_furniture/constructing/yellow_lamp": {
    "criteria": {
      "has_planks": "2024-10-04 21:09:28 +0000"
    },
    "done": true
  },
  "refurbished_furniture:recipes/refurbished_furniture/constructing/black_cooler": {
    "criteria": {
      "has_planks": "2024-10-04 21:09:28 +0000"
    },
    "done": true
  },
  "refurbished_furniture:recipes/refurbished_furniture/constructing/spruce_lattice_fence_gate": {
    "criteria": {
      "has_stick": "2024-10-04 21:09:31 +0000"
    },
    "done": true
  },
  "minecraft:recipes/decorations/light_blue_bed_from_white_bed": {
    "criteria": {
      "has_bed": "2024-10-04 21:17:28 +0000"
    },
    "done": true
  },
  "aquaculture:recipes/food/sushi": {
    "criteria": {
      "has_alt_items": "2024-10-01 21:17:35 +0000",
      "has_items": "2024-10-01 21:17:35 +0000"
    },
    "done": true
  },
  "betterdungeons:root": {
    "criteria": {
      "always": "2024-10-01 21:17:36 +0000"
    },
    "done": true
  },
  "refurbished_furniture:recipes/refurbished_furniture/constructing/white_cooler": {
    "criteria": {
      "has_planks": "2024-10-04 21:09:28 +0000"
    },
    "done": true
  },
  "refurbished_furniture:recipes/refurbished_furniture/constructing/gray_lamp": {
    "criteria": {
      "has_planks": "2024-10-04 21:09:28 +0000"
    },
    "done": true
  },
  "securitycraft:recipes/securitycraft/reinforced_diorite": {
    "criteria": {
      "has_cobblestone": "2024-10-04 21:10:57 +0000"
    },
    "done": true
  },
  "minecraft:adventure/kill_a_mob": {
    "criteria": {
      "minecraft:zombie": "2024-10-04 21:18:58 +0000"
    },
    "done": true
  },
  "minecraft:recipes/redstone/oak_button": {
    "criteria": {
      "has_planks": "2024-10-04 21:09:28 +0000"
    },
    "done": true
  },
  "byg:root": {
    "criteria": {
      "tick": "2024-10-01 21:17:36 +0000"
    },
    "done": true
  },
  "refurbished_furniture:recipes/refurbished_furniture/constructing/cyan_lamp": {
    "criteria": {
      "has_planks": "2024-10-04 21:09:28 +0000"
    },
    "done": true
  },
  "byg:adventure/oh_the_biomes_youll_go": {
    "criteria": {
      "byg:redwood_thicket": "2024-10-02 20:55:50 +0000"
    },
    "done": false
  },
  "aquaculture:recipes/misc/iron_nugget_from_smelting": {
    "criteria": {
      "has_fishing_rod": "2024-10-01 21:17:35 +0000",
      "has_fillet_knife": "2024-10-01 21:17:35 +0000"
    },
    "done": true
  },
  "mcwwindows:recipes/blackstone": {
    "criteria": {
      "has_the_recipe": "2024-10-04 21:08:58 +0000"
    },
    "done": true
  },
  "aquaculture:recipes/decorations/oak_fish_mount": {
    "criteria": {
      "has_items": "2024-10-01 21:17:35 +0000"
    },
    "done": true
  },
  "mcwfences:recipes/blackstone": {
    "criteria": {
      "has_blackstone": "2024-10-01 21:17:35 +0000"
    },
    "done": true
  },
  "regions_unexplored:parent": {
    "criteria": {
      "load_in_world": "2024-10-01 21:17:37 +0000"
    },
    "done": true
  },
  "regions_unexplored:recipes/ru_main/green_painted_planks": {
    "criteria": {
      "has_planks": "2024-10-04 21:09:28 +0000"
    },
    "done": true
  },
  "minecraft:recipes/building_blocks/stone": {
    "criteria": {
      "has_cobblestone": "2024-10-04 21:10:57 +0000"
    },
    "done": true
  },
  "aquaculture:recipes/decorations/dark_oak_fish_mount": {
    "criteria": {
      "has_items": "2024-10-01 21:17:35 +0000"
    },
    "done": true
  },
  "minecraft:adventure/adventuring_time": {
    "criteria": {
      "minecraft:dripstone_caves": "2024-10-04 21:19:09 +0000",
      "minecraft:forest": "2024-10-01 21:17:37 +0000",
      "minecraft:plains": "2024-10-02 20:55:56 +0000"
    },
    "done": false
  },
  "byg:husbandry/root": {
    "criteria": {
      "consumed_item": "2024-10-04 21:02:37 +0000"
    },
    "done": true
  },
  "refurbished_furniture:recipes/refurbished_furniture/constructing/oak_toilet": {
    "criteria": {
      "has_oak_planks": "2024-10-04 21:09:28 +0000"
    },
    "done": true
  },
  "minecraft:recipes/decorations/purple_bed_from_white_bed": {
    "criteria": {
      "has_bed": "2024-10-04 21:17:28 +0000"
    },
    "done": true
  },
  "handcrafted:recipes/misc/white_sheet": {
    "criteria": {
      "has_sheet": "2024-10-04 21:15:19 +0000"
    },
    "done": true
  },
  "aether:recipes/combat/stone_sword_repairing": {
    "criteria": {
      "has_stone_sword": "2024-10-04 21:12:22 +0000"
    },
    "done": true
  },
  "refurbished_furniture:recipes/refurbished_furniture/constructing/orange_cooler": {
    "criteria": {
      "has_planks": "2024-10-04 21:09:28 +0000"
    },
    "done": true
  },
  "mcwwindows:recipes/curtain_rods": {
    "criteria": {
      "has_the_recipe": "2024-10-04 21:08:58 +0000"
    },
    "done": true
  },
  "refurbished_furniture:recipes/refurbished_furniture/constructing/warped_lattice_fence_gate": {
    "criteria": {
      "has_stick": "2024-10-04 21:09:31 +0000"
    },
    "done": true
  },
  "mcwbridges:recipes/oak_rail_bridge": {
    "criteria": {
      "has_planks": "2024-10-04 21:09:28 +0000"
    },
    "done": true
  },
  "minecraft:recipes/combat/stone_sword": {
    "criteria": {
      "has_cobblestone": "2024-10-04 21:10:57 +0000"
    },
    "done": true
  },
  "aether:recipes/tools/stone_axe_repairing": {
    "criteria": {
      "has_stone_axe": "2024-10-04 21:12:16 +0000"
    },
    "done": true
  },
  "minecraft:recipes/decorations/barrel": {
    "criteria": {
      "has_planks": "2024-10-04 21:09:28 +0000"
    },
    "done": true
  },
  "minecraft:recipes/decorations/cobblestone_wall": {
    "criteria": {
      "has_cobblestone": "2024-10-04 21:10:57 +0000"
    },
    "done": true
  },
  "refurbished_furniture:recipes/refurbished_furniture/constructing/pink_stool": {
    "criteria": {
      "has_planks": "2024-10-04 21:09:28 +0000"
    },
    "done": true
  },
  "minecraft:recipes/tools/stone_pickaxe": {
    "criteria": {
      "has_cobblestone": "2024-10-04 21:10:57 +0000"
    },
    "done": true
  },
  "mcwbridges:recipes/bridge_torch": {
    "criteria": {
      "has_planks": "2024-10-04 21:19:27 +0000"
    },
    "done": true
  },
  "minecraft:recipes/redstone/oak_door": {
    "criteria": {
      "has_planks": "2024-10-04 21:09:28 +0000"
    },
    "done": true
  },
  "refurbished_furniture:recipes/refurbished_furniture/constructing/orange_lamp": {
    "criteria": {
      "has_planks": "2024-10-04 21:09:28 +0000"
    },
    "done": true
  },
  "aether:recipes/decorations/skyroot_chest": {
    "criteria": {
      "has_lots_of_items": "2024-10-04 21:12:41 +0000"
    },
    "done": true
  },
  "refurbished_furniture:recipes/refurbished_furniture/constructing/oak_kitchen_drawer": {
    "criteria": {
      "has_oak_planks": "2024-10-04 21:09:28 +0000"
    },
    "done": true
  },
  "securitycraft:recipes/securitycraft/motion_activated_light": {
    "criteria": {
      "has_stick": "2024-10-04 21:09:31 +0000"
    },
    "done": true
  },
  "aquaculture:recipes/misc/bonemeal_from_fish_bones": {
    "criteria": {
      "has_items": "2024-10-01 21:17:35 +0000"
    },
    "done": true
  },
  "aether:recipes/combat/white_cape": {
    "criteria": {
      "has_white_wool": "2024-10-04 21:15:19 +0000"
    },
    "done": true
  },
  "minecraft:recipes/decorations/cobblestone_wall_from_cobblestone_stonecutting": {
    "criteria": {
      "has_cobblestone": "2024-10-04 21:10:57 +0000"
    },
    "done": true
  },
  "refurbished_furniture:recipes/refurbished_furniture/constructing/yellow_sofa": {
    "criteria": {
      "has_planks": "2024-10-04 21:09:28 +0000"
    },
    "done": true
  },
  "aquaculture:recipes/misc/gold_nugget_from_blasting": {
    "criteria": {
      "has_fishing_rod": "2024-10-01 21:17:35 +0000",
      "has_fillet_knife": "2024-10-01 21:17:35 +0000"
    },
    "done": true
  },
  "mcwfences:recipes/acacia": {
    "criteria": {
      "has_acacia": "2024-10-01 21:17:35 +0000"
    },
    "done": true
  },
  "refurbished_furniture:recipes/refurbished_furniture/constructing/pink_sofa": {
    "criteria": {
      "has_planks": "2024-10-04 21:09:28 +0000"
    },
    "done": true
  },
  "mcwwindows:recipes/jungle": {
    "criteria": {
      "has_the_recipe": "2024-10-04 21:08:58 +0000"
    },
    "done": true
  },
  "refurbished_furniture:recipes/refurbished_furniture/constructing/gray_sofa": {
    "criteria": {
      "has_planks": "2024-10-04 21:09:28 +0000"
    },
    "done": true
  },
  "aquaculture:recipes/aquaculture/heavy_hook": {
    "criteria": {
      "has_items": "2024-10-01 21:17:35 +0000"
    },
    "done": true
  },
  "aquaculture:recipes/aquaculture/iron_hook": {
    "criteria": {
      "has_items": "2024-10-01 21:17:35 +0000"
    },
    "done": true
  },
  "refurbished_furniture:recipes/refurbished_furniture/constructing/black_lamp": {
    "criteria": {
      "has_planks": "2024-10-04 21:09:28 +0000"
    },
    "done": true
  },
  "minecraft:recipes/building_blocks/pink_wool": {
    "criteria": {
      "has_white_wool": "2024-10-04 21:15:19 +0000"
    },
    "done": true
  },
  "regions_unexplored:recipes/ru_main/yellow_painted_planks": {
    "criteria": {
      "has_planks": "2024-10-04 21:09:28 +0000"
    },
    "done": true
  },
  "refurbished_furniture:recipes/refurbished_furniture/constructing/yellow_stool": {
    "criteria": {
      "has_planks": "2024-10-04 21:09:28 +0000"
    },
    "done": true
  },
  "aquaculture:recipes/aquaculture/double_hook": {
    "criteria": {
      "has_items": "2024-10-01 21:17:35 +0000"
    },
    "done": true
  },
  "minecraft:recipes/decorations/brown_bed_from_white_bed": {
    "criteria": {
      "has_bed": "2024-10-04 21:17:28 +0000"
    },
    "done": true
  },
  "regions_unexplored:recipes/ru_main/lime_painted_planks": {
    "criteria": {
      "has_planks": "2024-10-04 21:09:28 +0000"
    },
    "done": true
  },
  "aquaculture:recipes/decorations/jungle_fish_mount": {
    "criteria": {
      "has_items": "2024-10-01 21:17:35 +0000"
    },
    "done": true
  },
  "dungeons_arise:wda_root": {
    "criteria": {
      "WDA": "2024-10-01 21:17:36 +0000"
    },
    "done": true
  },
  "mcwwindows:recipes/oak": {
    "criteria": {
      "has_wood": "2024-10-04 21:08:58 +0000",
      "has_the_recipe": "2024-10-04 21:08:58 +0000"
    },
    "done": true
  },
  "mcwwindows:recipes/spruce": {
    "criteria": {
      "has_the_recipe": "2024-10-04 21:08:58 +0000"
    },
    "done": true
  },
  "mcwwindows:recipes/quartz": {
    "criteria": {
      "has_the_recipe": "2024-10-04 21:08:58 +0000"
    },
    "done": true
  },
  "refurbished_furniture:recipes/refurbished_furniture/constructing/white_stool": {
    "criteria": {
      "has_planks": "2024-10-04 21:09:28 +0000"
    },
    "done": true
  },
  "refurbished_furniture:recipes/refurbished_furniture/constructing/green_cooler": {
    "criteria": {
      "has_planks": "2024-10-04 21:09:28 +0000"
    },
    "done": true
  },
  "mcwfences:recipes/dark_oak": {
    "criteria": {
      "has_dark_oak": "2024-10-01 21:17:35 +0000"
    },
    "done": true
  },
  "refurbished_furniture:recipes/refurbished_furniture/constructing/oak_drawer": {
    "criteria": {
      "has_oak_planks": "2024-10-04 21:09:28 +0000"
    },
    "done": true
  },
  "handcrafted:recipes/misc/white_cushion": {
    "criteria": {
      "has_cushion": "2024-10-04 21:15:19 +0000"
    },
    "done": true
  },
  "refurbished_furniture:recipes/refurbished_furniture/constructing/brown_lamp": {
    "criteria": {
      "has_planks": "2024-10-04 21:09:28 +0000"
    },
    "done": true
  },
  "aquaculture:recipes/decorations/birch_fish_mount": {
    "criteria": {
      "has_items": "2024-10-01 21:17:35 +0000"
    },
    "done": true
  },
  "refurbished_furniture:recipes/refurbished_furniture/constructing/dark_oak_lattice_fence": {
    "criteria": {
      "has_stick": "2024-10-04 21:09:31 +0000"
    },
    "done": true
  },
  "regions_unexplored:recipes/ru_main/magenta_painted_planks": {
    "criteria": {
      "has_planks": "2024-10-04 21:09:28 +0000"
    },
    "done": true
  },
  "mcwroofs:recipes/awning": {
    "criteria": {
      "has_planks": "2024-10-04 21:15:19 +0000"
    },
    "done": true
  },
  "aquaculture:recipes/aquaculture/bobber": {
    "criteria": {
      "has_items": "2024-10-01 21:17:35 +0000"
    },
    "done": true
  },
  "refurbished_furniture:recipes/refurbished_furniture/constructing/oak_basin": {
    "criteria": {
      "has_oak_planks": "2024-10-04 21:09:28 +0000"
    },
    "done": true
  },
  "minecraft:recipes/building_blocks/light_gray_wool": {
    "criteria": {
      "has_white_wool": "2024-10-04 21:15:19 +0000"
    },
    "done": true
  },
  "minecraft:recipes/decorations/red_bed_from_white_bed": {
    "criteria": {
      "has_bed": "2024-10-04 21:17:28 +0000"
    },
    "done": true
  },
  "minecraft:recipes/building_blocks/red_wool": {
    "criteria": {
      "has_white_wool": "2024-10-04 21:15:19 +0000"
    },
    "done": true
  },
  "minecraft:recipes/decorations/soul_campfire": {
    "criteria": {
      "has_stick": "2024-10-04 21:09:31 +0000"
    },
    "done": true
  },
  "refurbished_furniture:recipes/refurbished_furniture/constructing/oak_bath": {
    "criteria": {
      "has_oak_planks": "2024-10-04 21:09:28 +0000"
    },
    "done": true
  },
  "mcwwindows:recipes/stone": {
    "criteria": {
      "has_the_recipe": "2024-10-04 21:08:58 +0000"
    },
    "done": true
  },
  "minecraft:recipes/tools/stone_axe": {
    "criteria": {
      "has_cobblestone": "2024-10-04 21:10:57 +0000"
    },
    "done": true
  },
  "minecraft:recipes/food/cooked_mutton": {
    "criteria": {
      "has_mutton": "2024-10-04 21:15:19 +0000"
    },
    "done": true
  },
  "refurbished_furniture:recipes/refurbished_furniture/constructing/orange_sofa": {
    "criteria": {
      "has_planks": "2024-10-04 21:09:28 +0000"
    },
    "done": true
  },
  "mcwbridges:recipes/bridge_lantern": {
    "criteria": {
      "has_planks": "2024-10-04 21:19:24 +0000"
    },
    "done": true
  },
  "minecraft:recipes/decorations/light_gray_bed_from_white_bed": {
    "criteria": {
      "has_bed": "2024-10-04 21:17:28 +0000"
    },
    "done": true
  },
  "regions_unexplored:recipes/ru_main/gray_painted_planks": {
    "criteria": {
      "has_planks": "2024-10-04 21:09:28 +0000"
    },
    "done": true
  },
  "DataVersion": 3120
}